Updated on Sun Nov 30 01:51:55 UTC 2025
Updated on Sun Dec  7 01:52:20 UTC 2025
Updated on Sun Dec 14 01:52:47 UTC 2025
Updated on Sun Dec 21 01:52:58 UTC 2025
Updated on Sun Dec 28 01:58:18 UTC 2025
Updated on Wed Dec 31 15:57:36 UTC 2025
Updated on Sun Jan  4 01:05:36 UTC 2026
Updated on Sun Jan  4 10:43:22 UTC 2026
Updated on Sun Jan  4 10:43:40 UTC 2026
Updated on Sun Jan 11 01:05:06 UTC 2026
Updated on Sun Jan 18 01:04:13 UTC 2026
Updated on Mon Jan 19 19:10:59 UTC 2026
Updated on Wed Jan 21 21:57:19 UTC 2026
Updated on Sun Jan 25 01:05:57 UTC 2026
Updated on Sun Feb  1 01:20:30 UTC 2026
